timestamp, memory.used [MiB]
2025/04/19 11:46:53.727, 14 MiB
2025/04/19 11:46:54.227, 14 MiB
2025/04/19 11:46:54.727, 14 MiB
2025/04/19 11:46:55.227, 14 MiB
2025/04/19 11:46:55.727, 14 MiB
2025/04/19 11:46:56.227, 14 MiB
2025/04/19 11:46:56.728, 14 MiB
2025/04/19 11:46:57.251, 14 MiB
2025/04/19 11:46:57.751, 14 MiB
2025/04/19 11:46:58.251, 14 MiB
2025/04/19 11:46:58.751, 14 MiB
2025/04/19 11:46:59.251, 14 MiB
2025/04/19 11:46:59.751, 14 MiB
2025/04/19 11:47:00.251, 14 MiB
2025/04/19 11:47:00.751, 14 MiB
2025/04/19 11:47:01.252, 14 MiB
2025/04/19 11:47:01.817, 108 MiB
2025/04/19 11:47:02.317, 14 MiB
2025/04/19 11:47:02.817, 442 MiB
2025/04/19 11:47:03.318, 442 MiB
2025/04/19 11:47:03.818, 442 MiB
2025/04/19 11:47:04.318, 442 MiB
2025/04/19 11:47:04.818, 442 MiB
2025/04/19 11:47:05.318, 442 MiB
2025/04/19 11:47:05.818, 442 MiB
2025/04/19 11:47:06.343, 442 MiB
2025/04/19 11:47:06.844, 5256 MiB
2025/04/19 11:47:07.344, 28258 MiB
2025/04/19 11:47:07.844, 28404 MiB
2025/04/19 11:47:08.344, 28468 MiB
2025/04/19 11:47:08.844, 28532 MiB
2025/04/19 11:47:09.344, 28580 MiB
2025/04/19 11:47:09.844, 28612 MiB
2025/04/19 11:47:10.345, 28660 MiB
2025/04/19 11:47:10.845, 28676 MiB
2025/04/19 11:47:11.345, 28686 MiB
2025/04/19 11:47:11.845, 28686 MiB
2025/04/19 11:47:12.345, 28686 MiB
2025/04/19 11:47:12.845, 28686 MiB
2025/04/19 11:47:13.345, 28686 MiB
2025/04/19 11:47:13.845, 28686 MiB
2025/04/19 11:47:14.397, 28686 MiB
2025/04/19 11:47:14.897, 28688 MiB
2025/04/19 11:47:15.397, 28688 MiB
2025/04/19 11:47:15.897, 28688 MiB
2025/04/19 11:47:16.397, 28688 MiB
2025/04/19 11:47:16.897, 28688 MiB
2025/04/19 11:47:17.398, 28688 MiB
2025/04/19 11:47:17.898, 28688 MiB
2025/04/19 11:47:18.398, 28688 MiB
2025/04/19 11:47:18.995, 28688 MiB
2025/04/19 11:47:19.495, 28688 MiB
2025/04/19 11:47:19.995, 28688 MiB
2025/04/19 11:47:20.495, 28688 MiB
2025/04/19 11:47:20.996, 28688 MiB
2025/04/19 11:47:21.496, 28688 MiB
2025/04/19 11:47:21.996, 28688 MiB
2025/04/19 11:47:22.496, 28688 MiB
2025/04/19 11:47:22.996, 28688 MiB
2025/04/19 11:47:23.601, 28688 MiB
2025/04/19 11:47:24.101, 28688 MiB
2025/04/19 11:47:24.601, 28688 MiB
2025/04/19 11:47:25.102, 28688 MiB
2025/04/19 11:47:25.602, 28688 MiB
2025/04/19 11:47:26.102, 28688 MiB
2025/04/19 11:47:26.602, 28688 MiB
2025/04/19 11:47:27.102, 28688 MiB
2025/04/19 11:47:27.602, 28688 MiB
2025/04/19 11:47:28.189, 28688 MiB
2025/04/19 11:47:28.689, 28688 MiB
2025/04/19 11:47:29.189, 28688 MiB
2025/04/19 11:47:29.689, 28688 MiB
2025/04/19 11:47:30.189, 28688 MiB
2025/04/19 11:47:30.689, 28688 MiB
2025/04/19 11:47:31.189, 28688 MiB
2025/04/19 11:47:31.690, 28688 MiB
2025/04/19 11:47:32.190, 28688 MiB
2025/04/19 11:47:32.775, 28688 MiB
2025/04/19 11:47:33.275, 28688 MiB
2025/04/19 11:47:33.775, 28688 MiB
2025/04/19 11:47:34.275, 28688 MiB
2025/04/19 11:47:34.775, 28688 MiB
2025/04/19 11:47:35.275, 28688 MiB
2025/04/19 11:47:35.776, 28688 MiB
2025/04/19 11:47:36.276, 28688 MiB
2025/04/19 11:47:36.776, 28688 MiB
2025/04/19 11:47:37.374, 28688 MiB
2025/04/19 11:47:37.874, 28688 MiB
2025/04/19 11:47:38.374, 28688 MiB
2025/04/19 11:47:38.874, 28688 MiB
2025/04/19 11:47:39.375, 28688 MiB
2025/04/19 11:47:39.875, 28688 MiB
2025/04/19 11:47:40.375, 28688 MiB
2025/04/19 11:47:40.875, 28688 MiB
2025/04/19 11:47:41.375, 28688 MiB
2025/04/19 11:47:41.957, 28688 MiB
2025/04/19 11:47:42.457, 28688 MiB
2025/04/19 11:47:42.957, 28688 MiB
2025/04/19 11:47:43.457, 28688 MiB
2025/04/19 11:47:43.958, 28688 MiB
2025/04/19 11:47:44.458, 28688 MiB
2025/04/19 11:47:44.958, 28688 MiB
2025/04/19 11:47:45.458, 28688 MiB
2025/04/19 11:47:45.958, 28688 MiB
2025/04/19 11:47:46.546, 28688 MiB
2025/04/19 11:47:47.047, 28688 MiB
2025/04/19 11:47:47.547, 28688 MiB
2025/04/19 11:47:48.047, 28688 MiB
2025/04/19 11:47:48.547, 28688 MiB
2025/04/19 11:47:49.048, 28688 MiB
2025/04/19 11:47:49.548, 28688 MiB
2025/04/19 11:47:50.048, 28688 MiB
2025/04/19 11:47:50.548, 28688 MiB
2025/04/19 11:47:51.143, 28688 MiB
2025/04/19 11:47:51.644, 28688 MiB
2025/04/19 11:47:52.144, 28688 MiB
2025/04/19 11:47:52.644, 28688 MiB
2025/04/19 11:47:53.144, 28688 MiB
2025/04/19 11:47:53.644, 28688 MiB
2025/04/19 11:47:54.144, 28688 MiB
2025/04/19 11:47:54.645, 28688 MiB
2025/04/19 11:47:55.145, 28688 MiB
2025/04/19 11:47:55.735, 28688 MiB
2025/04/19 11:47:56.235, 28688 MiB
2025/04/19 11:47:56.735, 28688 MiB
2025/04/19 11:47:57.235, 28688 MiB
2025/04/19 11:47:57.736, 28688 MiB
2025/04/19 11:47:58.236, 28690 MiB
2025/04/19 11:47:58.736, 28690 MiB
2025/04/19 11:47:59.236, 28690 MiB
2025/04/19 11:47:59.737, 28690 MiB
2025/04/19 11:48:00.325, 28690 MiB
2025/04/19 11:48:00.825, 28690 MiB
2025/04/19 11:48:01.325, 28690 MiB
2025/04/19 11:48:01.825, 28690 MiB
2025/04/19 11:48:02.326, 28690 MiB
2025/04/19 11:48:02.826, 28690 MiB
2025/04/19 11:48:03.326, 28690 MiB
2025/04/19 11:48:03.826, 28690 MiB
2025/04/19 11:48:04.326, 28690 MiB
2025/04/19 11:48:04.827, 28690 MiB
2025/04/19 11:48:05.327, 28690 MiB
2025/04/19 11:48:05.827, 28690 MiB
2025/04/19 11:48:06.328, 28690 MiB
2025/04/19 11:48:06.828, 28690 MiB
2025/04/19 11:48:07.328, 28690 MiB
2025/04/19 11:48:07.828, 28690 MiB
2025/04/19 11:48:08.394, 28690 MiB
2025/04/19 11:48:08.895, 28690 MiB
2025/04/19 11:48:09.395, 28690 MiB
2025/04/19 11:48:09.895, 28690 MiB
2025/04/19 11:48:10.396, 28690 MiB
2025/04/19 11:48:10.896, 28690 MiB
2025/04/19 11:48:11.396, 28690 MiB
2025/04/19 11:48:11.896, 28690 MiB
2025/04/19 11:48:12.396, 28690 MiB
2025/04/19 11:48:12.996, 28690 MiB
2025/04/19 11:48:13.496, 28690 MiB
2025/04/19 11:48:13.996, 28690 MiB
2025/04/19 11:48:14.496, 28690 MiB
2025/04/19 11:48:14.997, 28690 MiB
2025/04/19 11:48:15.497, 28690 MiB
2025/04/19 11:48:15.997, 28690 MiB
2025/04/19 11:48:16.497, 28690 MiB
2025/04/19 11:48:16.997, 28690 MiB
2025/04/19 11:48:17.497, 28690 MiB
2025/04/19 11:48:17.998, 28690 MiB
2025/04/19 11:48:18.498, 28690 MiB
2025/04/19 11:48:18.998, 28690 MiB
2025/04/19 11:48:19.498, 28690 MiB
2025/04/19 11:48:19.998, 28690 MiB
2025/04/19 11:48:20.498, 28690 MiB
2025/04/19 11:48:21.069, 28690 MiB
2025/04/19 11:48:21.569, 28690 MiB
2025/04/19 11:48:22.069, 28690 MiB
2025/04/19 11:48:22.569, 28690 MiB
2025/04/19 11:48:23.069, 28690 MiB
2025/04/19 11:48:23.570, 28690 MiB
2025/04/19 11:48:24.070, 28690 MiB
2025/04/19 11:48:24.570, 28690 MiB
2025/04/19 11:48:25.070, 28690 MiB
2025/04/19 11:48:25.659, 28690 MiB
2025/04/19 11:48:26.159, 28690 MiB
2025/04/19 11:48:26.659, 28690 MiB
2025/04/19 11:48:27.159, 28690 MiB
2025/04/19 11:48:27.660, 28690 MiB
2025/04/19 11:48:28.160, 28690 MiB
2025/04/19 11:48:28.660, 28690 MiB
2025/04/19 11:48:29.160, 28690 MiB
2025/04/19 11:48:29.660, 28690 MiB
2025/04/19 11:48:30.252, 28690 MiB
2025/04/19 11:48:30.752, 28690 MiB
2025/04/19 11:48:31.252, 28690 MiB
2025/04/19 11:48:31.752, 28690 MiB
2025/04/19 11:48:32.252, 28690 MiB
2025/04/19 11:48:32.752, 28690 MiB
2025/04/19 11:48:33.252, 28690 MiB
2025/04/19 11:48:33.752, 28690 MiB
2025/04/19 11:48:34.253, 28690 MiB
2025/04/19 11:48:34.854, 28690 MiB
2025/04/19 11:48:35.355, 28690 MiB
2025/04/19 11:48:35.855, 28690 MiB
2025/04/19 11:48:36.355, 28690 MiB
2025/04/19 11:48:36.855, 28690 MiB
2025/04/19 11:48:37.355, 28690 MiB
2025/04/19 11:48:37.855, 28690 MiB
2025/04/19 11:48:38.356, 28690 MiB
2025/04/19 11:48:38.856, 28690 MiB
2025/04/19 11:48:39.459, 28690 MiB
2025/04/19 11:48:39.959, 28690 MiB
2025/04/19 11:48:40.459, 28690 MiB
2025/04/19 11:48:40.960, 28690 MiB
2025/04/19 11:48:41.460, 28690 MiB
2025/04/19 11:48:41.960, 28690 MiB
2025/04/19 11:48:42.460, 28690 MiB
2025/04/19 11:48:42.961, 28690 MiB
2025/04/19 11:48:43.461, 28690 MiB
2025/04/19 11:48:44.068, 28690 MiB
2025/04/19 11:48:44.568, 28690 MiB
2025/04/19 11:48:45.068, 28690 MiB
2025/04/19 11:48:45.569, 28690 MiB
2025/04/19 11:48:46.069, 28690 MiB
2025/04/19 11:48:46.569, 28690 MiB
2025/04/19 11:48:47.069, 28690 MiB
2025/04/19 11:48:47.569, 28690 MiB
2025/04/19 11:48:48.070, 28690 MiB
2025/04/19 11:48:48.656, 28690 MiB
2025/04/19 11:48:49.157, 28690 MiB
2025/04/19 11:48:49.657, 28690 MiB
2025/04/19 11:48:50.157, 28690 MiB
2025/04/19 11:48:50.657, 28690 MiB
2025/04/19 11:48:51.158, 28690 MiB
2025/04/19 11:48:51.658, 28690 MiB
2025/04/19 11:48:52.158, 28690 MiB
2025/04/19 11:48:52.658, 28690 MiB
2025/04/19 11:48:53.246, 28690 MiB
2025/04/19 11:48:53.746, 28690 MiB
2025/04/19 11:48:54.246, 28690 MiB
2025/04/19 11:48:54.746, 28690 MiB
2025/04/19 11:48:55.247, 28690 MiB
2025/04/19 11:48:55.747, 28690 MiB
2025/04/19 11:48:56.247, 28690 MiB
2025/04/19 11:48:56.747, 28690 MiB
2025/04/19 11:48:57.248, 28690 MiB
2025/04/19 11:48:57.867, 28690 MiB
2025/04/19 11:48:58.367, 28690 MiB
2025/04/19 11:48:58.867, 28690 MiB
2025/04/19 11:48:59.367, 28690 MiB
2025/04/19 11:48:59.867, 28690 MiB
2025/04/19 11:49:00.367, 28690 MiB
2025/04/19 11:49:00.868, 28690 MiB
2025/04/19 11:49:01.368, 28690 MiB
2025/04/19 11:49:01.868, 28690 MiB
2025/04/19 11:49:02.468, 28690 MiB
2025/04/19 11:49:02.968, 28690 MiB
2025/04/19 11:49:03.468, 28690 MiB
2025/04/19 11:49:03.968, 28690 MiB
2025/04/19 11:49:04.468, 28690 MiB
2025/04/19 11:49:04.969, 28690 MiB
2025/04/19 11:49:05.469, 28690 MiB
2025/04/19 11:49:05.969, 28690 MiB
2025/04/19 11:49:06.470, 28690 MiB
2025/04/19 11:49:07.064, 28690 MiB
2025/04/19 11:49:07.564, 28690 MiB
2025/04/19 11:49:08.064, 28690 MiB
2025/04/19 11:49:08.565, 28690 MiB
2025/04/19 11:49:09.065, 28690 MiB
2025/04/19 11:49:09.565, 28690 MiB
2025/04/19 11:49:10.065, 28690 MiB
2025/04/19 11:49:10.566, 28690 MiB
2025/04/19 11:49:11.066, 28690 MiB
2025/04/19 11:49:11.655, 28690 MiB
2025/04/19 11:49:12.155, 28690 MiB
2025/04/19 11:49:12.655, 28690 MiB
2025/04/19 11:49:13.155, 28690 MiB
2025/04/19 11:49:13.656, 28690 MiB
2025/04/19 11:49:14.156, 28690 MiB
2025/04/19 11:49:14.656, 28690 MiB
2025/04/19 11:49:15.156, 28690 MiB
2025/04/19 11:49:15.656, 28690 MiB
2025/04/19 11:49:16.253, 28690 MiB
2025/04/19 11:49:16.753, 28690 MiB
2025/04/19 11:49:17.254, 28690 MiB
2025/04/19 11:49:17.754, 28690 MiB
2025/04/19 11:49:18.254, 28690 MiB
2025/04/19 11:49:18.754, 28690 MiB
2025/04/19 11:49:19.254, 28690 MiB
2025/04/19 11:49:19.755, 28690 MiB
2025/04/19 11:49:20.255, 28690 MiB
2025/04/19 11:49:20.755, 28690 MiB
2025/04/19 11:49:21.255, 28690 MiB
2025/04/19 11:49:21.755, 28690 MiB
2025/04/19 11:49:22.256, 28690 MiB
2025/04/19 11:49:22.756, 28690 MiB
2025/04/19 11:49:23.256, 28690 MiB
2025/04/19 11:49:23.756, 28690 MiB
2025/04/19 11:49:24.320, 28690 MiB
2025/04/19 11:49:24.820, 28690 MiB
2025/04/19 11:49:25.320, 28690 MiB
2025/04/19 11:49:25.820, 28690 MiB
2025/04/19 11:49:26.320, 28690 MiB
2025/04/19 11:49:26.820, 28690 MiB
2025/04/19 11:49:27.321, 28690 MiB
2025/04/19 11:49:27.821, 28690 MiB
2025/04/19 11:49:28.321, 28690 MiB
2025/04/19 11:49:28.821, 28690 MiB
2025/04/19 11:49:29.321, 28690 MiB
2025/04/19 11:49:29.821, 28690 MiB
2025/04/19 11:49:30.322, 28690 MiB
2025/04/19 11:49:30.822, 28690 MiB
2025/04/19 11:49:31.322, 28690 MiB
2025/04/19 11:49:31.822, 28690 MiB
2025/04/19 11:49:32.377, 28690 MiB
2025/04/19 11:49:32.877, 28692 MiB
2025/04/19 11:49:33.378, 28692 MiB
2025/04/19 11:49:33.878, 28692 MiB
2025/04/19 11:49:34.378, 28692 MiB
2025/04/19 11:49:34.878, 28692 MiB
2025/04/19 11:49:35.378, 28692 MiB
2025/04/19 11:49:35.878, 28692 MiB
2025/04/19 11:49:36.379, 28692 MiB
2025/04/19 11:49:36.879, 28692 MiB
2025/04/19 11:49:37.379, 28692 MiB
2025/04/19 11:49:37.879, 28692 MiB
2025/04/19 11:49:38.379, 28692 MiB
2025/04/19 11:49:38.879, 28692 MiB
2025/04/19 11:49:39.379, 28692 MiB
2025/04/19 11:49:39.879, 28692 MiB
2025/04/19 11:49:40.443, 28692 MiB
2025/04/19 11:49:40.943, 28692 MiB
2025/04/19 11:49:41.443, 28692 MiB
2025/04/19 11:49:41.944, 28692 MiB
2025/04/19 11:49:42.444, 28692 MiB
2025/04/19 11:49:42.944, 28692 MiB
2025/04/19 11:49:43.444, 28692 MiB
2025/04/19 11:49:43.944, 28692 MiB
2025/04/19 11:49:44.444, 28692 MiB
2025/04/19 11:49:44.944, 28692 MiB
2025/04/19 11:49:45.445, 28692 MiB
2025/04/19 11:49:45.945, 28692 MiB
2025/04/19 11:49:46.445, 28692 MiB
2025/04/19 11:49:46.945, 28692 MiB
2025/04/19 11:49:47.446, 28692 MiB
2025/04/19 11:49:47.946, 28692 MiB
2025/04/19 11:49:48.521, 28692 MiB
2025/04/19 11:49:49.021, 28692 MiB
2025/04/19 11:49:49.521, 28692 MiB
2025/04/19 11:49:50.021, 28692 MiB
2025/04/19 11:49:50.521, 28692 MiB
2025/04/19 11:49:51.021, 28692 MiB
2025/04/19 11:49:51.521, 28692 MiB
2025/04/19 11:49:52.021, 28692 MiB
2025/04/19 11:49:52.522, 28692 MiB
2025/04/19 11:49:53.022, 28692 MiB
2025/04/19 11:49:53.522, 28692 MiB
2025/04/19 11:49:54.022, 28692 MiB
2025/04/19 11:49:54.522, 28692 MiB
2025/04/19 11:49:55.022, 28692 MiB
2025/04/19 11:49:55.522, 28692 MiB
2025/04/19 11:49:56.023, 28692 MiB
2025/04/19 11:49:56.588, 28692 MiB
2025/04/19 11:49:57.088, 28692 MiB
2025/04/19 11:49:57.588, 28692 MiB
2025/04/19 11:49:58.088, 28692 MiB
2025/04/19 11:49:58.588, 28692 MiB
2025/04/19 11:49:59.089, 28692 MiB
2025/04/19 11:49:59.589, 28692 MiB
2025/04/19 11:50:00.089, 28692 MiB
2025/04/19 11:50:00.589, 28692 MiB
2025/04/19 11:50:01.089, 28692 MiB
2025/04/19 11:50:01.589, 28692 MiB
2025/04/19 11:50:02.090, 28692 MiB
2025/04/19 11:50:02.590, 28692 MiB
2025/04/19 11:50:03.090, 28692 MiB
2025/04/19 11:50:03.590, 28692 MiB
2025/04/19 11:50:04.090, 28692 MiB
2025/04/19 11:50:04.591, 28692 MiB
2025/04/19 11:50:05.091, 28692 MiB
2025/04/19 11:50:05.591, 28692 MiB
2025/04/19 11:50:06.091, 28692 MiB
2025/04/19 11:50:06.591, 28692 MiB
2025/04/19 11:50:07.091, 28692 MiB
2025/04/19 11:50:07.592, 28692 MiB
2025/04/19 11:50:08.171, 28692 MiB
2025/04/19 11:50:08.671, 28692 MiB
2025/04/19 11:50:09.171, 28692 MiB
2025/04/19 11:50:09.671, 28692 MiB
2025/04/19 11:50:10.171, 28692 MiB
2025/04/19 11:50:10.671, 28692 MiB
2025/04/19 11:50:11.172, 28692 MiB
2025/04/19 11:50:11.672, 28692 MiB
2025/04/19 11:50:12.172, 28692 MiB
2025/04/19 11:50:12.770, 28692 MiB
2025/04/19 11:50:13.270, 28692 MiB
2025/04/19 11:50:13.770, 28692 MiB
2025/04/19 11:50:14.270, 28692 MiB
2025/04/19 11:50:14.770, 28692 MiB
2025/04/19 11:50:15.271, 28692 MiB
2025/04/19 11:50:15.771, 28692 MiB
2025/04/19 11:50:16.271, 28692 MiB
2025/04/19 11:50:16.771, 28692 MiB
2025/04/19 11:50:17.271, 28692 MiB
2025/04/19 11:50:17.771, 28692 MiB
2025/04/19 11:50:18.271, 28692 MiB
2025/04/19 11:50:18.772, 28692 MiB
2025/04/19 11:50:19.272, 28692 MiB
2025/04/19 11:50:19.772, 28692 MiB
2025/04/19 11:50:20.272, 28692 MiB
2025/04/19 11:50:20.833, 28692 MiB
2025/04/19 11:50:21.333, 28692 MiB
2025/04/19 11:50:21.833, 28692 MiB
2025/04/19 11:50:22.333, 28692 MiB
2025/04/19 11:50:22.833, 28692 MiB
2025/04/19 11:50:23.334, 28692 MiB
2025/04/19 11:50:23.834, 28692 MiB
2025/04/19 11:50:24.334, 28692 MiB
2025/04/19 11:50:24.834, 28692 MiB
2025/04/19 11:50:25.427, 28692 MiB
2025/04/19 11:50:25.927, 28692 MiB
2025/04/19 11:50:26.427, 28692 MiB
2025/04/19 11:50:26.927, 28692 MiB
2025/04/19 11:50:27.427, 28692 MiB
2025/04/19 11:50:27.927, 28692 MiB
2025/04/19 11:50:28.428, 28692 MiB
2025/04/19 11:50:28.928, 28692 MiB
2025/04/19 11:50:29.428, 28692 MiB
2025/04/19 11:50:29.928, 28692 MiB
2025/04/19 11:50:30.428, 28692 MiB
2025/04/19 11:50:30.929, 28692 MiB
2025/04/19 11:50:31.429, 28692 MiB
2025/04/19 11:50:31.929, 28692 MiB
2025/04/19 11:50:32.430, 28692 MiB
2025/04/19 11:50:32.930, 28692 MiB
2025/04/19 11:50:33.485, 28692 MiB
2025/04/19 11:50:33.986, 28692 MiB
2025/04/19 11:50:34.486, 28692 MiB
2025/04/19 11:50:34.986, 28692 MiB
2025/04/19 11:50:35.486, 28692 MiB
2025/04/19 11:50:35.986, 28692 MiB
2025/04/19 11:50:36.486, 28692 MiB
2025/04/19 11:50:36.987, 28692 MiB
2025/04/19 11:50:37.487, 28692 MiB
2025/04/19 11:50:37.987, 28692 MiB
2025/04/19 11:50:38.487, 28692 MiB
2025/04/19 11:50:38.987, 28692 MiB
2025/04/19 11:50:39.487, 28692 MiB
2025/04/19 11:50:39.987, 28692 MiB
2025/04/19 11:50:40.487, 28692 MiB
2025/04/19 11:50:40.988, 28692 MiB
2025/04/19 11:50:41.566, 28692 MiB
2025/04/19 11:50:42.066, 28692 MiB
2025/04/19 11:50:42.566, 28692 MiB
2025/04/19 11:50:43.066, 28692 MiB
2025/04/19 11:50:43.566, 28692 MiB
2025/04/19 11:50:44.066, 28692 MiB
2025/04/19 11:50:44.567, 28692 MiB
2025/04/19 11:50:45.067, 28692 MiB
2025/04/19 11:50:45.567, 28692 MiB
2025/04/19 11:50:46.067, 28692 MiB
2025/04/19 11:50:46.567, 28692 MiB
2025/04/19 11:50:47.067, 28692 MiB
2025/04/19 11:50:47.568, 28692 MiB
2025/04/19 11:50:48.068, 28692 MiB
2025/04/19 11:50:48.568, 28692 MiB
2025/04/19 11:50:49.068, 28692 MiB
2025/04/19 11:50:49.621, 28692 MiB
2025/04/19 11:50:50.121, 28692 MiB
2025/04/19 11:50:50.621, 28692 MiB
2025/04/19 11:50:51.121, 28692 MiB
2025/04/19 11:50:51.621, 28692 MiB
2025/04/19 11:50:52.121, 28692 MiB
2025/04/19 11:50:52.622, 28692 MiB
2025/04/19 11:50:53.122, 28692 MiB
2025/04/19 11:50:53.622, 28692 MiB
2025/04/19 11:50:54.224, 28692 MiB
2025/04/19 11:50:54.725, 28692 MiB
2025/04/19 11:50:55.225, 28692 MiB
2025/04/19 11:50:55.725, 28692 MiB
2025/04/19 11:50:56.225, 28692 MiB
2025/04/19 11:50:56.725, 28692 MiB
2025/04/19 11:50:57.225, 28692 MiB
2025/04/19 11:50:57.725, 28692 MiB
2025/04/19 11:50:58.226, 28692 MiB
2025/04/19 11:50:58.819, 28692 MiB
2025/04/19 11:50:59.319, 28692 MiB
2025/04/19 11:50:59.819, 28692 MiB
2025/04/19 11:51:00.319, 28692 MiB
2025/04/19 11:51:00.820, 28692 MiB
2025/04/19 11:51:01.320, 28692 MiB
2025/04/19 11:51:01.820, 28692 MiB
2025/04/19 11:51:02.320, 28692 MiB
2025/04/19 11:51:02.820, 28692 MiB
2025/04/19 11:51:03.320, 28692 MiB
2025/04/19 11:51:03.820, 28692 MiB
2025/04/19 11:51:04.320, 28692 MiB
2025/04/19 11:51:04.820, 28692 MiB
2025/04/19 11:51:05.321, 28692 MiB
2025/04/19 11:51:05.821, 28692 MiB
2025/04/19 11:51:06.321, 28692 MiB
2025/04/19 11:51:06.891, 28692 MiB
2025/04/19 11:51:07.391, 28692 MiB
2025/04/19 11:51:07.892, 28692 MiB
2025/04/19 11:51:08.392, 28692 MiB
2025/04/19 11:51:08.892, 28692 MiB
2025/04/19 11:51:09.392, 28692 MiB
2025/04/19 11:51:09.892, 28692 MiB
2025/04/19 11:51:10.392, 28692 MiB
2025/04/19 11:51:10.893, 28692 MiB
2025/04/19 11:51:11.393, 28692 MiB
2025/04/19 11:51:11.893, 28692 MiB
2025/04/19 11:51:12.393, 28692 MiB
2025/04/19 11:51:12.893, 28692 MiB
2025/04/19 11:51:13.393, 28692 MiB
2025/04/19 11:51:13.893, 28692 MiB
2025/04/19 11:51:14.394, 28692 MiB
2025/04/19 11:51:14.967, 28692 MiB
2025/04/19 11:51:15.467, 28692 MiB
2025/04/19 11:51:15.967, 28692 MiB
2025/04/19 11:51:16.467, 28692 MiB
2025/04/19 11:51:16.967, 28692 MiB
2025/04/19 11:51:17.468, 28692 MiB
2025/04/19 11:51:17.968, 28692 MiB
2025/04/19 11:51:18.468, 28692 MiB
2025/04/19 11:51:18.968, 28692 MiB
2025/04/19 11:51:19.566, 28692 MiB
2025/04/19 11:51:20.066, 28692 MiB
2025/04/19 11:51:20.567, 28692 MiB
2025/04/19 11:51:21.067, 28692 MiB
2025/04/19 11:51:21.567, 28692 MiB
2025/04/19 11:51:22.067, 28692 MiB
2025/04/19 11:51:22.567, 28692 MiB
2025/04/19 11:51:23.067, 28692 MiB
2025/04/19 11:51:23.567, 28692 MiB
2025/04/19 11:51:24.068, 28692 MiB
2025/04/19 11:51:24.568, 28692 MiB
2025/04/19 11:51:25.068, 28692 MiB
2025/04/19 11:51:25.568, 28692 MiB
2025/04/19 11:51:26.068, 28692 MiB
2025/04/19 11:51:26.568, 28692 MiB
2025/04/19 11:51:27.069, 28692 MiB
2025/04/19 11:51:27.647, 28692 MiB
2025/04/19 11:51:28.147, 28692 MiB
2025/04/19 11:51:28.648, 28692 MiB
2025/04/19 11:51:29.148, 28692 MiB
2025/04/19 11:51:29.648, 28692 MiB
2025/04/19 11:51:30.148, 28692 MiB
2025/04/19 11:51:30.648, 28692 MiB
2025/04/19 11:51:31.148, 28692 MiB
2025/04/19 11:51:31.648, 28692 MiB
2025/04/19 11:51:32.248, 28692 MiB
2025/04/19 11:51:32.748, 28692 MiB
2025/04/19 11:51:33.248, 28692 MiB
2025/04/19 11:51:33.749, 28692 MiB
2025/04/19 11:51:34.249, 28692 MiB
2025/04/19 11:51:34.749, 28692 MiB
2025/04/19 11:51:35.249, 28692 MiB
2025/04/19 11:51:35.749, 28692 MiB
2025/04/19 11:51:36.250, 28692 MiB
2025/04/19 11:51:36.750, 28692 MiB
2025/04/19 11:51:37.250, 28692 MiB
2025/04/19 11:51:37.750, 28692 MiB
2025/04/19 11:51:38.250, 28692 MiB
2025/04/19 11:51:38.751, 28692 MiB
2025/04/19 11:51:39.251, 28692 MiB
2025/04/19 11:51:39.751, 28692 MiB
2025/04/19 11:51:40.334, 28692 MiB
2025/04/19 11:51:40.834, 28692 MiB
2025/04/19 11:51:41.335, 28692 MiB
2025/04/19 11:51:41.835, 28692 MiB
2025/04/19 11:51:42.335, 28692 MiB
2025/04/19 11:51:42.835, 28692 MiB
2025/04/19 11:51:43.335, 28692 MiB
2025/04/19 11:51:43.836, 28692 MiB
2025/04/19 11:51:44.336, 28692 MiB
2025/04/19 11:51:44.836, 28692 MiB
2025/04/19 11:51:45.336, 28692 MiB
2025/04/19 11:51:45.836, 28692 MiB
2025/04/19 11:51:46.336, 28692 MiB
2025/04/19 11:51:46.837, 28692 MiB
2025/04/19 11:51:47.337, 28692 MiB
2025/04/19 11:51:47.837, 28692 MiB
2025/04/19 11:51:48.395, 28692 MiB
2025/04/19 11:51:48.895, 28692 MiB
2025/04/19 11:51:49.395, 28692 MiB
2025/04/19 11:51:49.895, 28692 MiB
2025/04/19 11:51:50.395, 28692 MiB
2025/04/19 11:51:50.896, 28692 MiB
2025/04/19 11:51:51.396, 28692 MiB
2025/04/19 11:51:51.896, 28692 MiB
2025/04/19 11:51:52.396, 28692 MiB
2025/04/19 11:51:52.896, 28692 MiB
2025/04/19 11:51:53.396, 28692 MiB
2025/04/19 11:51:53.896, 28692 MiB
2025/04/19 11:51:54.396, 28692 MiB
2025/04/19 11:51:54.896, 28692 MiB
2025/04/19 11:51:55.397, 28692 MiB
2025/04/19 11:51:55.897, 28692 MiB
2025/04/19 11:51:56.495, 28692 MiB
2025/04/19 11:51:56.995, 28692 MiB
2025/04/19 11:51:57.495, 28692 MiB
2025/04/19 11:51:57.996, 28692 MiB
2025/04/19 11:51:58.496, 28692 MiB
2025/04/19 11:51:58.996, 28692 MiB
2025/04/19 11:51:59.496, 28692 MiB
2025/04/19 11:51:59.996, 28692 MiB
2025/04/19 11:52:00.496, 28692 MiB
2025/04/19 11:52:00.996, 28692 MiB
2025/04/19 11:52:01.497, 28692 MiB
2025/04/19 11:52:01.997, 28692 MiB
2025/04/19 11:52:02.497, 28692 MiB
2025/04/19 11:52:02.997, 28692 MiB
2025/04/19 11:52:03.497, 28692 MiB
2025/04/19 11:52:03.997, 28692 MiB
2025/04/19 11:52:04.555, 28692 MiB
2025/04/19 11:52:05.055, 28692 MiB
2025/04/19 11:52:05.555, 28692 MiB
2025/04/19 11:52:06.055, 28692 MiB
2025/04/19 11:52:06.555, 28692 MiB
2025/04/19 11:52:07.056, 28692 MiB
2025/04/19 11:52:07.556, 28692 MiB
2025/04/19 11:52:08.056, 28692 MiB
2025/04/19 11:52:08.556, 28692 MiB
2025/04/19 11:52:09.155, 28692 MiB
2025/04/19 11:52:09.655, 28692 MiB
2025/04/19 11:52:10.155, 28692 MiB
2025/04/19 11:52:10.656, 28692 MiB
2025/04/19 11:52:11.156, 28692 MiB
2025/04/19 11:52:11.656, 28692 MiB
2025/04/19 11:52:12.156, 28692 MiB
2025/04/19 11:52:12.656, 28692 MiB
2025/04/19 11:52:13.156, 28692 MiB
